place_id,nome,endereco,latitude,longitude,telefone,horario,website,avaliacao,total_reviews,categoria,status_negocio,google_maps_url,fonte
1c3b5546f2bf1614,Academia Bio Sports,,-23.1067492,-45.6998684,,,,"4,7",199,Academia,,https://www.google.com/maps/place/Academia+Bio+Sports/data=!4m7!3m6!1s0x94cc5165caab05a5:0xbc7d39a5641cb937!8m2!3d-23.1067492!4d-45.6998684!16s%2Fg%2F11b6zv_scx!19sChIJpQWrymVRzJQRN7kcZKU5fbw?authuser=0&hl=pt-BR&rclk=1,scraper_gmaps|escolinhas de natação Caçapava - SP|scraper_gmaps|associações esportivas Caçapava - SP
8c28d70760c1e808,Academia CEMC ESPORTES,,-23.1012634,-45.7010051,,,,"5,0",30,,,https://www.google.com/maps/place/Academia+CEMC+ESPORTES/data=!4m7!3m6!1s0x94cc5165cbb7fcb1:0xb21a1501b04c600f!8m2!3d-23.1012634!4d-45.7010051!16s%2Fg%2F11bx2g7spg!19sChIJsfy3y2VRzJQRD2BMsAEVGrI?authuser=0&hl=pt-BR&rclk=1,scraper_gmaps|escolinhas de natação Caçapava - SP
1706c151cc58567c,Academia em Caçapava - Atletas,,-23.0964861,-45.6990234,,,,"4,8",68,Academia,,https://www.google.com/maps/place/Academia+em+Ca%C3%A7apava+-+Atletas/data=!4m7!3m6!1s0x94cc5168dc3d4551:0x8fd315dab0de2dba!8m2!3d-23.0964861!4d-45.6990234!16s%2Fg%2F11dfpjh5tz!19sChIJUUU93GhRzJQRui3esNoV048?authuser=0&hl=pt-BR&rclk=1,scraper_gmaps|escolinhas de natação Caçapava - SP
9514b3709ab0e100,Academia Fênix,,-23.0956604,-45.7094584,,,,"4,8",72,Academia,,https://www.google.com/maps/place/Academia+F%C3%AAnix/data=!4m7!3m6!1s0x94cc517387e24379:0xf938b308b1c82801!8m2!3d-23.0956604!4d-45.7094584!16s%2Fg%2F11c52x0bpv!19sChIJeUPih3NRzJQRASjIsQizOPk?authuser=0&hl=pt-BR&rclk=1,scraper_gmaps|escolinhas de natação Caçapava - SP
d2809aebfba69779,Academia Play Life Caçapava,· Av. Vera Cruz,-23.1013605,-45.7114351,,,,"4,8",103,Academia,,https://www.google.com/maps/place/Academia+Play+Life+Ca%C3%A7apava/data=!4m7!3m6!1s0x94cc51078de863bb:0x5e84d62000429e18!8m2!3d-23.1013605!4d-45.7114351!16s%2Fg%2F11gycz00q2!19sChIJu2PojQdRzJQRGJ5CACDWhF4?authuser=0&hl=pt-BR&rclk=1,scraper_gmaps|escolinhas de natação Caçapava - SP
ce2f1875a5a37271,Academia Raia Livre Cacapava,"R. Éssio Lanfredi, 751 - Parque Res. Maria Elmira, Caçapava - SP, 12285-010, Brasil",-23.1231662,-45.7112777,+55 12 3655-5002,Mostrar horário de funcionamento da semana,,"4,6",46,Academia,Aberto · Fecha 21:00,https://www.google.com/maps/place/Academia+Raia+Livre+Cacapava/data=!4m7!3m6!1s0x94cc5359010a8291:0xe210d26ce6da1c77!8m2!3d-23.1231662!4d-45.7112777!16s%2Fg%2F11tsjbdzkk!19sChIJkYIKAVlTzJQRdxza5mzSEOI?authuser=0&hl=pt-BR&rclk=1,scraper_gmaps|escolinhas de natação Caçapava - SP
015abd21f735ddfd,ACE Caçapava,"· Rua Major Benjamim Raymundo da Silva, 30",-23.1067741,-45.706847,,,,"4,8",73,Associação / organização,,https://www.google.com/maps/place/ACE+Ca%C3%A7apava/data=!4m7!3m6!1s0x94cc517c8c68763b:0x51f203baf86681e9!8m2!3d-23.1067741!4d-45.706847!16s%2Fg%2F1tp30h7q!19sChIJO3ZojHxRzJQR6YFm-LoD8lE?authuser=0&hl=pt-BR&rclk=1,scraper_gmaps|associações esportivas Caçapava - SP
fe1c41921d8b629c,Ace Team Voleibol,"· Av. Francisca Sales Damasco, 812",-23.0910514,-45.7028005,,,,"5,0",1,Academia,,https://www.google.com/maps/place/Ace+Team+Voleibol/data=!4m7!3m6!1s0x94cc5100017200f3:0xff94f5525b9afd08!8m2!3d-23.0910514!4d-45.7028005!16s%2Fg%2F11w9k_1p8j!19sChIJ8wByAQBRzJQRCP2aW1L1lP8?authuser=0&hl=pt-BR&rclk=1,scraper_gmaps|associações esportivas Caçapava - SP
a11b8db86cbb2904,Arena Sports - Caçapava,"· Av. Cel. Manoel Inocêncio, 746",-23.1061028,-45.7042387,,,,"4,5",193,Sala de fitness,,https://www.google.com/maps/place/Arena+Sports+-+Ca%C3%A7apava/data=!4m7!3m6!1s0x94cc53072334dafb:0xac5c165f9e8cb7c4!8m2!3d-23.1061028!4d-45.7042387!16s%2Fg%2F11mw7lvjgw!19sChIJ-9o0IwdTzJQRxLeMnl8WXKw?authuser=0&hl=pt-BR&rclk=1,scraper_gmaps|escolinhas de natação Caçapava - SP|scraper_gmaps|associações esportivas Caçapava - SP
c325f6bb975c2a09,ASPMC / Associação Dos Servidores Publicos De Caçapava / Clube De Campo,,-23.0628038,-45.7321495,,,,"4,3",48,Clube de campo,,https://www.google.com/maps/place/ASPMC+%2F+Associa%C3%A7%C3%A3o+Dos+Servidores+Publicos+De+Ca%C3%A7apava+%2F+Clube+De+Campo/data=!4m7!3m6!1s0x94cc506aa0fb4ccb:0xf889fecf4aefada9!8m2!3d-23.0628038!4d-45.7321495!16s%2Fg%2F11bwh8pdwd!19sChIJy0z7oGpQzJQRqa3vSs_-ifg?authuser=0&hl=pt-BR&rclk=1,scraper_gmaps|associações esportivas Caçapava - SP
9e110118ce5fd6e3,Associação Atlética Caçapavense,· Av. da Integração,-23.111301,-45.7006335,,,,"4,0",314,Associação / organização,,https://www.google.com/maps/place/Associa%C3%A7%C3%A3o+Atl%C3%A9tica+Ca%C3%A7apavense/data=!4m7!3m6!1s0x94cc53d93a44a1ef:0x978006c9bf898755!8m2!3d-23.111301!4d-45.7006335!16s%2Fg%2F11b7hpz4nq!19sChIJ76FEOtlTzJQRVYeJv8kGgJc?authuser=0&hl=pt-BR&rclk=1,scraper_gmaps|associações esportivas Caçapava - SP
a27671703a451bfd,Associação Beneficente Soldados De Cristo,,-23.0792295,-45.7190938,,,,"4,8",24,,,https://www.google.com/maps/place/Associa%C3%A7%C3%A3o+Beneficente+Soldados+De+Cristo/data=!4m7!3m6!1s0x94cc5124afa937c5:0xf86808daeebf9470!8m2!3d-23.0792295!4d-45.7190938!16s%2Fg%2F11f86qnv9f!19sChIJxTepryRRzJQRcJS_7toIaPg?authuser=0&hl=pt-BR&rclk=1,scraper_gmaps|associações esportivas Caçapava - SP
bfbe4c5e0a9256f8,Azzurro Fitness - Caçapava,"· Av. Cel. Manoel Inocêncio, 705",-23.1056679,-45.7039969,,,,"4,3",140,Academia,,https://www.google.com/maps/place/Azzurro+Fitness+-+Ca%C3%A7apava/data=!4m7!3m6!1s0x94cc51d2665cbb43:0xc15088e7b75dca59!8m2!3d-23.1056679!4d-45.7039969!16s%2Fg%2F11s4vxxsw6!19sChIJQ7tcZtJRzJQRWcpdt-eIUME?authuser=0&hl=pt-BR&rclk=1,scraper_gmaps|escolinhas de natação Caçapava - SP|scraper_gmaps|associações esportivas Caçapava - SP
34f20d60638f36ca,Campo Airsoft ZONA DA MATA,"· Av. Mal. Castelo Branco, 3952",-23.1150593,-45.7346979,,,,"4,8",4,Clube esportivo,,https://www.google.com/maps/place/Campo+Airsoft+ZONA+DA+MATA/data=!4m7!3m6!1s0x94cc510056da6d9d:0x9dd76ba477a04618!8m2!3d-23.1150593!4d-45.7346979!16s%2Fg%2F11zkskwk4l!19sChIJnW3aVgBRzJQRGEagd6Rr150?authuser=0&hl=pt-BR&rclk=1,scraper_gmaps|associações esportivas Caçapava - SP
dfd66c4eab19b6c3,CF01 CPV,,-23.1065039,-45.7046455,,,,"5,0",144,Sala de fitness,,https://www.google.com/maps/place/CF01+CPV/data=!4m7!3m6!1s0x94cc514429af7ef9:0xb668c6f3993b4f7f!8m2!3d-23.1065039!4d-45.7046455!16s%2Fg%2F11sx40jz9n!19sChIJ-X6vKURRzJQRf087mfPGaLY?authuser=0&hl=pt-BR&rclk=1,scraper_gmaps|associações esportivas Caçapava - SP
55d4fe8861175846,Clube ADC Mafersa,"· Av. Ver. Altomir Spinelli, 111",-23.0990652,-45.6949757,,,,"4,5",479,Club,,https://www.google.com/maps/place/Clube+ADC+Mafersa/data=!4m7!3m6!1s0x94cc517a8942e629:0xfabe090132f86713!8m2!3d-23.0990652!4d-45.6949757!16s%2Fg%2F1tcvk6jt!19sChIJKeZCiXpRzJQRE2f4MgEJvvo?authuser=0&hl=pt-BR&rclk=1,scraper_gmaps|associações esportivas Caçapava - SP
bc0b196963eca6c4,Clube Esportivo Caçapava,,-23.1410165,-45.7206859,,,,"4,7",3,Clube de futebol,,https://www.google.com/maps/place/Clube+Esportivo+Ca%C3%A7apava/data=!4m7!3m6!1s0x94cc524ef09acc8b:0xeef971bb05066577!8m2!3d-23.1410165!4d-45.7206859!16s%2Fg%2F11fx8qmyxv!19sChIJi8ya8E5SzJQRd2UGBbtx-e4?authuser=0&hl=pt-BR&rclk=1,scraper_gmaps|associações esportivas Caçapava - SP
42084d63f201782c,Clube Recreativo Jequitibá,,-23.1037552,-45.6962144,,,,"4,6",1579,Clube de campo,,https://www.google.com/maps/place/Clube+Recreativo+Jequitib%C3%A1/data=!4m7!3m6!1s0x94cc515e272e8a33:0x20adba5166b01b4a!8m2!3d-23.1037552!4d-45.6962144!16s%2Fg%2F1v76_sjt!19sChIJM4ouJ15RzJQRShuwZlG6rSA?authuser=0&hl=pt-BR&rclk=1,scraper_gmaps|associações esportivas Caçapava - SP
05b3bd44e26af222,Complexo Educ. Prof. Edison de Freitas Ramalho,,-23.0872895,-45.708476,,,,"4,6",34,Escola técnica,,https://www.google.com/maps/place/Complexo+Educ.+Prof.+Edison+de+Freitas+Ramalho/data=!4m7!3m6!1s0x94cc510ebb59beab:0x81d85b71d1ec7cc4!8m2!3d-23.0872895!4d-45.708476!16s%2Fg%2F1thhlmr4!19sChIJq75Zuw5RzJQRxHzs0XFb2IE?authuser=0&hl=pt-BR&rclk=1,scraper_gmaps|escolas municipais Caçapava - SP
178543dc748345fe,Condominio Residencial Samambaia,,-23.1079952,-45.7195252,,,,"3,9",58,Complexo de condomínio,,https://www.google.com/maps/place/Condominio+Residencial+Samambaia/data=!4m7!3m6!1s0x94cc518489340599:0x756a6fa22a3ba6f5!8m2!3d-23.1079952!4d-45.7195252!16s%2Fg%2F11g887nglb!19sChIJmQU0iYRRzJQR9aY7KqJvanU?authuser=0&hl=pt-BR&rclk=1,scraper_gmaps|condomínios residenciais Caçapava - SP
003910e254142447,Condomínio Bela Vista,"Rod. João Amaral Gurgel, 1700 - Parque Res. Maria Elmira, Caçapava - SP, 12285-020, Brasil",-23.1273809,-45.7137541,+55 12 3655-1355,Mostrar horário de funcionamento da semana,,"4,6",46,Complexo de condomínio,Fechado · Abre sáb. às 09:00,https://www.google.com/maps/place/Condom%C3%ADnio+Bela+Vista/data=!4m7!3m6!1s0x94cc53d2f9e355f1:0x6bff13a0891af25d!8m2!3d-23.1273809!4d-45.7137541!16s%2Fg%2F11f1yj86c6!19sChIJ8VXj-dJTzJQRXfIaiaAT_2s?authuser=0&hl=pt-BR&rclk=1,scraper_gmaps|condomínios residenciais Caçapava - SP
fea5a16710672164,Condomínio Bella Vitta,,-23.1456741,-45.7552112,,,,"4,7",104,Complexo de condomínio,,https://www.google.com/maps/place/Condom%C3%ADnio+Bella+Vitta/data=!4m7!3m6!1s0x94cc4df4c496db6b:0x43f5865f6892e18!8m2!3d-23.1456741!4d-45.7552112!16s%2Fg%2F11bvt2b8f7!19sChIJa9uWxPRNzJQRGC6J9mVYPwQ?authuser=0&hl=pt-BR&rclk=1,scraper_gmaps|condomínios residenciais Caçapava - SP
bcc0215461d0948d,Condomínio das Palmeiras,"· Av. Brasil, 279",-23.1027301,-45.710175,,,,"4,4",55,Complexo de condomínio,,https://www.google.com/maps/place/Condom%C3%ADnio+das+Palmeiras/data=!4m7!3m6!1s0x94cc51799dad0d2d:0x308b1e390843a04e!8m2!3d-23.1027301!4d-45.710175!16s%2Fg%2F1w2y_kcj!19sChIJLQ2tnXlRzJQRTqBDCDkeizA?authuser=0&hl=pt-BR&rclk=1,scraper_gmaps|condomínios residenciais Caçapava - SP
f55f9db496913c75,Condomínio Diamante,· Rua Diamante,-23.0732374,-45.8068194,,,,"4,8",16,Complexo de condomínio,,https://www.google.com/maps/place/Condom%C3%ADnio+Diamante/data=!4m7!3m6!1s0x94cc4febcd832839:0xb71e202b33970e5!8m2!3d-23.0732374!4d-45.8068194!16s%2Fg%2F11grqz1y62!19sChIJOSiDzetPzJQR5XA5swLicQs?authuser=0&hl=pt-BR&rclk=1,scraper_gmaps|condomínios residenciais Caçapava - SP
cebd18642f7efd6e,Condomínio Eco park,· R. das Lavandas,-23.1599903,-45.7365054,,,,"4,8",18,Complexo de condomínio,,https://www.google.com/maps/place/Condom%C3%ADnio+Eco+park/data=!4m7!3m6!1s0x94cc53294e082925:0x9af8e6341420631f!8m2!3d-23.1599903!4d-45.7365054!16s%2Fg%2F11tf7glf5q!19sChIJJSkITilTzJQRH2MgFDTm-Jo?authuser=0&hl=pt-BR&rclk=1,scraper_gmaps|condomínios residenciais Caçapava - SP
ad6987d9a6136b3c,Condomínio Melville,,-23.1107281,-45.7258169,,,,"4,8",12,Complexo de condomínio,,https://www.google.com/maps/place/Condom%C3%ADnio+Melville/data=!4m7!3m6!1s0x94cc5128bf095be7:0x9e12da337c10b3fb!8m2!3d-23.1107281!4d-45.7258169!16s%2Fg%2F11rfh7mpc_!19sChIJ51sJvyhRzJQR-7MQfDPaEp4?authuser=0&hl=pt-BR&rclk=1,scraper_gmaps|condomínios residenciais Caçapava - SP
2163c54d9ef64ec7,Condomínio Portal da Mata,,-23.1092901,-45.6955625,,,,"4,5",95,Complexo de condomínio,,https://www.google.com/maps/place/Condom%C3%ADnio+Portal+da+Mata/data=!4m7!3m6!1s0x94cc53dfd9d5b6df:0x228f4f5cea3ff43e!8m2!3d-23.1092901!4d-45.6955625!16s%2Fg%2F1pt_3zqtk!19sChIJ37bV2d9TzJQRPvQ_6lxPjyI?authuser=0&hl=pt-BR&rclk=1,scraper_gmaps|condomínios residenciais Caçapava - SP
16e9ff67a2066535,Condomínio Residencial Colonial Cerejeiras,"Cond Cerejeiras - R. Profa. Cláudia Félix Magalhães, 250 - I Bloco - Jardim Cacapava, Caçapava - SP, 12286-091, Brasil",-23.1122337,-45.717521,+55 12 99749-2723,,,"4,2",42,Complexo de condomínio,,https://www.google.com/maps/place/Condom%C3%ADnio+Residencial+Colonial+Cerejeiras/data=!4m7!3m6!1s0x94cc5180e1692a33:0x41c35604ceb449e8!8m2!3d-23.1122337!4d-45.717521!16s%2Fg%2F11gf9lvlt8!19sChIJMypp4YBRzJQR6Em0zgRWw0E?authuser=0&hl=pt-BR&rclk=1,scraper_gmaps|condomínios residenciais Caçapava - SP
4c384d3f2d81d27f,Condomínio Residencial dos Pinheiros,"· Av. Dr. Antonio Pereira Bueno, 500",-23.111371,-45.7190754,,,,"5,0",2,Complexo de condomínio,,https://www.google.com/maps/place/Condom%C3%ADnio+Residencial+dos+Pinheiros/data=!4m7!3m6!1s0x94cc5100835104ef:0xe76d10cba71c7b0!8m2!3d-23.111371!4d-45.7190754!16s%2Fg%2F11ss74c38h!19sChIJ7wRRgwBRzJQRsMdxugzRdg4?authuser=0&hl=pt-BR&rclk=1,scraper_gmaps|condomínios residenciais Caçapava - SP
4421c7d6c6675d1e,Condomínio Residencial Santa Helena,"R. das Azaléias, 289 - Sapé 1, Caçapava - SP, 12294-335, Brasil",-23.1379327,-45.7240729,,,,"4,8",48,Complexo de condomínio,,https://www.google.com/maps/place/Condom%C3%ADnio+Residencial+Santa+Helena/data=!4m7!3m6!1s0x94cc538b59de679b:0x4db6a09510ba7480!8m2!3d-23.1379327!4d-45.7240729!16s%2Fg%2F11t16wgcw9!19sChIJm2feWYtTzJQRgHS6EJWgtk0?authuser=0&hl=pt-BR&rclk=1,scraper_gmaps|condomínios residenciais Caçapava - SP
785b4f4e002e0489,Condomínio Residencial Village Colonial Ouro Preto,,-23.0931779,-45.697505,,,,"4,4",53,Complexo de condomínio,,https://www.google.com/maps/place/Condom%C3%ADnio+Residencial+Village+Colonial+Ouro+Preto/data=!4m7!3m6!1s0x94cc5169801c0a5d:0xb4f5f5917b928820!8m2!3d-23.0931779!4d-45.697505!16s%2Fg%2F11b6qjf5p9!19sChIJXQocgGlRzJQRIIiSe5H19bQ?authuser=0&hl=pt-BR&rclk=1,scraper_gmaps|condomínios residenciais Caçapava - SP
c1cd0b1cfdc9b10c,Condomínio Terras do Vale,"Avenida das Palmeiras, 100 - Jardim Terras do Vale - Acesso, Rod. Pres. Dutra, KM 132 - Res. Terras do Vale, Caçapava - SP, 12294-412, Brasil",-23.1289396,-45.7356242,,,,"4,6",46,Complexo de condomínio,,https://www.google.com/maps/place/Condom%C3%ADnio+Terras+do+Vale/data=!4m7!3m6!1s0x94cc5219b3b8ec79:0xac45173aa8b84d8c!8m2!3d-23.1289396!4d-45.7356242!16s%2Fg%2F11bw4jn78x!19sChIJeey4sxlSzJQRjE24qDoXRaw?authuser=0&hl=pt-BR&rclk=1,scraper_gmaps|condomínios residenciais Caçapava - SP
fe176fe4b3adb442,Condomínio Villa Di Napolli,"· Av. Ângelo Zeppelin, 410",-23.1174354,-45.7033386,,,,"4,8",10,Complexo de condomínio,,https://www.google.com/maps/place/Condom%C3%ADnio+Villa+Di+Napolli/data=!4m7!3m6!1s0x94cc53155470c14b:0x894c0b295b4339b6!8m2!3d-23.1174354!4d-45.7033386!16s%2Fg%2F11fm_4971g!19sChIJS8FwVBVTzJQRtjlDWykLTIk?authuser=0&hl=pt-BR&rclk=1,scraper_gmaps|condomínios residenciais Caçapava - SP
fc0b0d384a99bbe3,E. E. Ministro José de Moura Resende,,-23.0932559,-45.6994132,,,,,,Escola pública,,https://www.google.com/maps/place/E.+E.+Ministro+Jos%C3%A9+de+Moura+Resende/data=!4m7!3m6!1s0x94cc51695c87d047:0x672fe336671e250e!8m2!3d-23.0932559!4d-45.6994132!16s%2Fg%2F1tq6flw1!19sChIJR9CHXGlRzJQRDiUeZzbjL2c?authuser=0&hl=pt-BR&rclk=1,scraper_gmaps|escolas municipais Caçapava - SP
11afac63bab3be78,E.M.E.F. Professora Zélia de Castro Marques,,-23.1154013,-45.6439321,,,,,,Escola de ensino fundamental,,https://www.google.com/maps/place/E.M.E.F.+Professora+Z%C3%A9lia+de+Castro+Marques/data=!4m7!3m6!1s0x94cc52dcc7956103:0x8a422f9dd55b844d!8m2!3d-23.1154013!4d-45.6439321!16s%2Fg%2F1th582ym!19sChIJA2GVx9xSzJQRTYRb1Z0vQoo?authuser=0&hl=pt-BR&rclk=1,scraper_gmaps|escolas municipais Caçapava - SP
7a33046d291e576b,Ecopark Bourbon,,-23.1610821,-45.7272733,,,,"4,7",421,Complexo de condomínio,,https://www.google.com/maps/place/Ecopark+Bourbon/data=!4m7!3m6!1s0x94cc52fb2e76b66f:0x345d3f87e57b2ea7!8m2!3d-23.1610821!4d-45.7272733!16s%2Fg%2F11f03tsmrk!19sChIJb7Z2LvtSzJQRpy575Yc_XTQ?authuser=0&hl=pt-BR&rclk=1,scraper_gmaps|condomínios residenciais Caçapava - SP
311d79385d1f924b,EMEF Edmir Viana de Moura,,-23.1091358,-45.7174769,,,,,,Escola de ensino fundamental,,https://www.google.com/maps/place/EMEF+Edmir+Viana+de+Moura/data=!4m7!3m6!1s0x94cc5183ce20eaf1:0xc4b573d3bbb0f7d6!8m2!3d-23.1091358!4d-45.7174769!16s%2Fg%2F1vg6vvmn!19sChIJ8eogzoNRzJQR1vewu9NztcQ?authuser=0&hl=pt-BR&rclk=1,scraper_gmaps|escolas municipais Caçapava - SP
5b9237a0e2422a4f,EMEF Prof. Fernando Pantaleão,"· Rua Terezina Simoni Lencioni, 1000",-23.1477298,-45.7167821,,,,,,Escola de ensino fundamental,,https://www.google.com/maps/place/EMEF+Prof.+Fernando+Pantale%C3%A3o/data=!4m7!3m6!1s0x94cc517a8942e629:0x2ec4f37d7e608f2!8m2!3d-23.1477298!4d-45.7167821!16s%2Fg%2F1tdnm73_!19sChIJKeZCiXpRzJQR8gjm1zdP7AI?authuser=0&hl=pt-BR&rclk=1,scraper_gmaps|escolas municipais Caçapava - SP
1380a65b3e401829,EMEF Profª Geny Farah Salles,,-23.053205,-45.7126528,,,,,,Escola de ensino fundamental,,https://www.google.com/maps/place/EMEF+Prof%C2%AA+Geny+Farah+Salles/data=!4m7!3m6!1s0x94cc517a8942e629:0x8a90d596b10df15c!8m2!3d-23.053205!4d-45.7126528!16s%2Fg%2F1thlp5lr!19sChIJKeZCiXpRzJQRXPENsZbVkIo?authuser=0&hl=pt-BR&rclk=1,scraper_gmaps|escolas municipais Caçapava - SP
295b93e26581e4df,EMEI PROFª LOURDES ARAUJO JULIANO DE ALMEIDA,,-23.1142763,-45.7020556,,,,,,Escola de ensino fundamental,,https://www.google.com/maps/place/EMEI+PROF%C2%AA+LOURDES+ARAUJO+JULIANO+DE+ALMEIDA/data=!4m7!3m6!1s0x94cc53dbce0ed17b:0x464a27fdc2de211f!8m2!3d-23.1142763!4d-45.7020556!16s%2Fg%2F11b77_btrj!19sChIJe9EOzttTzJQRHyHewv0nSkY?authuser=0&hl=pt-BR&rclk=1,scraper_gmaps|escolas municipais Caçapava - SP
b3557c4f992c31a7,EMEI Profª Lucila Dôres de Carvalho Abreu,,-23.1092858,-45.7174019,,,,,,Escola de ensino fundamental,,https://www.google.com/maps/place/EMEI+Prof%C2%AA+Lucila+D%C3%B4res+de+Carvalho+Abreu/data=!4m7!3m6!1s0x94cc5183ce20eaf1:0xcc60e3c7355ae342!8m2!3d-23.1092858!4d-45.7174019!16s%2Fg%2F1w347qsd!19sChIJ8eogzoNRzJQRQuNaNcfjYMw?authuser=0&hl=pt-BR&rclk=1,scraper_gmaps|escolas municipais Caçapava - SP
2da6b352d9bcecde,EMEIPI - Professora Carmen da Rocha Brito Carvalho,,-23.0767272,-45.7143743,,,,,,Escola de educação geral,,https://www.google.com/maps/place/EMEIPI+-+Professora+Carmen+da+Rocha+Brito+Carvalho/data=!4m7!3m6!1s0x94cc5100144f93e9:0xbcf4352620a1693e!8m2!3d-23.0767272!4d-45.7143743!16s%2Fg%2F11g8fwt734!19sChIJ6ZNPFABRzJQRPmmhICY19Lw?authuser=0&hl=pt-BR&rclk=1,scraper_gmaps|escolas municipais Caçapava - SP
9117168b75fa4b3f,EMEIPI Padre José Benedito A. Monteiro,,-23.1046298,-45.7207267,,,,,,Escola de educação geral,,https://www.google.com/maps/place/EMEIPI+Padre+Jos%C3%A9+Benedito+A.+Monteiro/data=!4m7!3m6!1s0x94cc519b19f5ed6d:0xef5d33933a7b22ae!8m2!3d-23.1046298!4d-45.7207267!16s%2Fg%2F11dzzcyz1v!19sChIJbe31GZtRzJQRriJ7OpMzXe8?authuser=0&hl=pt-BR&rclk=1,scraper_gmaps|escolas municipais Caçapava - SP
fa9520bdf584a054,Escola de Jiu Jitsu Lotus Club Cpv,,-23.1016403,-45.7023752,,,,"4,9",46,Academia de artes marciais,,https://www.google.com/maps/place/Escola+de+Jiu+Jitsu+Lotus+Club+Cpv/data=!4m7!3m6!1s0x94cc53d1f77576f3:0xb7eca6665e203581!8m2!3d-23.1016403!4d-45.7023752!16s%2Fg%2F11l22sst8p!19sChIJ83Z199FTzJQRgTUgXmam7Lc?authuser=0&hl=pt-BR&rclk=1,scraper_gmaps|escolinhas de natação Caçapava - SP
0d726ec9f56afada,Escola Municipal Aurora Paes da Costa,,-23.0906273,-45.7070293,,,,,,Escola de educação geral,,https://www.google.com/maps/place/Escola+Municipal+Aurora+Paes+da+Costa/data=!4m7!3m6!1s0x94cc510ce3935f69:0xc9afd4b756c7b92f!8m2!3d-23.0906273!4d-45.7070293!16s%2Fg%2F1tg2flsg!19sChIJaV-T4wxRzJQRL7nHVrfUr8k?authuser=0&hl=pt-BR&rclk=1,scraper_gmaps|escolas municipais Caçapava - SP
568165aa5715e50a,Escola Municipal Daphne Cesar Ghidella,"Av. Mal. Castelo Branco, 1444 - Vila Paraíso, Caçapava - SP, 12286-580, Brasil",-23.104236,-45.7213479,+55 12 3653-5738,Mostrar horário de funcionamento da semana,cacapava.sp.gov.br,,,Escola pública,Fechado · Abre ter. às 07:20,https://www.google.com/maps/place/Escola+Municipal+Daphne+Cesar+Ghidella/data=!4m7!3m6!1s0x94cc519ae33a492f:0x7d34f3737d4dbdaf!8m2!3d-23.104236!4d-45.7213479!16s%2Fg%2F1tf6c4pl!19sChIJL0k645pRzJQRr71NfXPzNH0?authuser=0&hl=pt-BR&rclk=1,scraper_gmaps|escolas municipais Caçapava - SP
3299ccec6f4c0393,"Escola Municipal de Educação Infantil ""Prof.ª Maria Eugênia da Silva Ayello Faria""","· Av. Dr. João Pantaleão, 30",-23.1041977,-45.6817408,,,,,,Escola de ensino fundamental,,https://www.google.com/maps/place/Escola+Municipal+de+Educa%C3%A7%C3%A3o+Infantil+%22Prof.%C2%AA+Maria+Eug%C3%AAnia+da+Silva+Ayello+Faria%22/data=!4m7!3m6!1s0x94cc53fc10a761db:0xed30a022b4496ca3!8m2!3d-23.1041977!4d-45.6817408!16s%2Fg%2F1v44rjhg!19sChIJ22GnEPxTzJQRo2xJtCKgMO0?authuser=0&hl=pt-BR&rclk=1,scraper_gmaps|escolas municipais Caçapava - SP
5f7759217f5c32e5,Escola Municipal de Educação Infantil Joaquim Raphael de Araújo Filho Prof,,-23.0745143,-45.7115058,,,,"4,7",6,Jardim de infância,,https://www.google.com/maps/place/Escola+Municipal+de+Educa%C3%A7%C3%A3o+Infantil+Joaquim+Raphael+de+Ara%C3%BAjo+Filho+Prof/data=!4m7!3m6!1s0x94cc5101da4f53a3:0xdd12f9550269a664!8m2!3d-23.0745143!4d-45.7115058!16s%2Fg%2F1tdn0mng!19sChIJo1NP2gFRzJQRZKZpAlX5Et0?authuser=0&hl=pt-BR&rclk=1,scraper_gmaps|escolas municipais Caçapava - SP
f898ae1d2995668e,Escola Municipal de Educação Infantil Maria José de Siqueira Lara,,-23.1096019,-45.7209091,,,,"5,0",3,Jardim de infância,,https://www.google.com/maps/place/Escola+Municipal+de+Educa%C3%A7%C3%A3o+Infantil+Maria+Jos%C3%A9+de+Siqueira+Lara/data=!4m7!3m6!1s0x94cc51843febe79b:0xa4183feaf7f1113c!8m2!3d-23.1096019!4d-45.7209091!16s%2Fg%2F1tdm9fw_!19sChIJm-frP4RRzJQRPBHx9-o_GKQ?authuser=0&hl=pt-BR&rclk=1,scraper_gmaps|escolas municipais Caçapava - SP
23d734a01bbc60c0,Escola Municipal de Ensino Fundamental Antônio Pereira Bueno Dr,,-23.1101234,-45.7217234,,,,,,Escola de ensino fundamental,,https://www.google.com/maps/place/Escola+Municipal+de+Ensino+Fundamental+Ant%C3%B4nio+Pereira+Bueno+Dr/data=!4m7!3m6!1s0x94cc5185c2638b87:0x68b13aafbb9875b0!8m2!3d-23.1101234!4d-45.7217234!16s%2Fg%2F1tfv675s!19sChIJh4tjwoVRzJQRsHWYu686sWg?authuser=0&hl=pt-BR&rclk=1,scraper_gmaps|escolas municipais Caçapava - SP
f5320749ab3b3dce,Escola Municipal Eliel de Almeida Martins,"· Av. Luís Nani, 481",-23.119792,-45.7003583,,,,,,Escola de educação geral,,https://www.google.com/maps/place/Escola+Municipal+Eliel+de+Almeida+Martins/data=!4m7!3m6!1s0x94cc517a8942e629:0xc59bf6a035cdb383!8m2!3d-23.119792!4d-45.7003583!16s%2Fg%2F1tjh0h23!19sChIJKeZCiXpRzJQRg7PNNaD2m8U?authuser=0&hl=pt-BR&rclk=1,scraper_gmaps|escolas municipais Caçapava - SP
8358bb8ee7254f59,Escola Municipal Olimpio Alves dos Santos,,-23.1846248,-45.7281274,,,,,,Escola de educação geral,,https://www.google.com/maps/place/Escola+Municipal+Olimpio+Alves+dos+Santos/data=!4m7!3m6!1s0x94cc5233b7990cdd:0xf417bc33761ac219!8m2!3d-23.1846248!4d-45.7281274!16s%2Fg%2F1tdxgdrf!19sChIJ3QyZtzNSzJQRGcIadjO8F_Q?authuser=0&hl=pt-BR&rclk=1,scraper_gmaps|escolas municipais Caçapava - SP
f30bf563d4c724ce,Escola Municipal Prof Zélia de Souza Madureira,,-23.0957525,-45.7083784,,,,,,Escola de ensino fundamental,,https://www.google.com/maps/place/Escola+Municipal+Prof+Z%C3%A9lia+de+Souza+Madureira/data=!4m7!3m6!1s0x94cc51e5e668497b:0x8b4510c419263f3b!8m2!3d-23.0957525!4d-45.7083784!16s%2Fg%2F11ngjl5sps!19sChIJe0lo5uVRzJQROz8mGcQQRYs?authuser=0&hl=pt-BR&rclk=1,scraper_gmaps|escolas municipais Caçapava - SP
c0f0001225941116,Escola Municipal Prof. Aluísio França Barbosa,"R. Des. Percival de Moura Alcântara, 10 - Parque Res. Eldorado, Caçapava - SP, 12289-085, Brasil",-23.0770511,-45.7159004,+55 12 3653-4799,Mostrar horário de funcionamento da semana,,,,Escola de ensino fundamental,Fecha em breve · 16:00 · Abre ter. às 07:30,https://www.google.com/maps/place/Escola+Municipal+Prof.+Alu%C3%ADsio+Fran%C3%A7a+Barbosa/data=!4m7!3m6!1s0x94cc51a958609733:0x4a420119375e6fce!8m2!3d-23.0770511!4d-45.7159004!16s%2Fg%2F1tdpss99!19sChIJM5dgWKlRzJQRzm9eNxkBQko?authuser=0&hl=pt-BR&rclk=1,scraper_gmaps|escolas municipais Caçapava - SP
06af631342e1551e,Escola Municipal Raif Mafuz,"· Rua Fernando Pessoa Bairro Vila Mariana -Caçapava, R. Antiga Estrada Paraíbuna, 9",-23.1263548,-45.7524289,,,,,,Escola de educação geral,,https://www.google.com/maps/place/Escola+Municipal+Raif+Mafuz/data=!4m7!3m6!1s0x94cc4e0008936d69:0x82bf34c92d8dfa68!8m2!3d-23.1263548!4d-45.7524289!16s%2Fg%2F11csrpw0fq!19sChIJaW2TCABOzJQRaPqNLck0v4I?authuser=0&hl=pt-BR&rclk=1,scraper_gmaps|escolas municipais Caçapava - SP
561c7f3afa9388dc,Fusion Fitness | Academia Centro,,-23.101658,-45.7060509,,,,"4,7",123,Academia,,https://www.google.com/maps/place/Fusion+Fitness+%7C+Academia+Centro/data=!4m7!3m6!1s0x94cc51cb36856981:0x818d72c404c0c734!8m2!3d-23.101658!4d-45.7060509!16s%2Fg%2F11f7r63654!19sChIJgWmFNstRzJQRNMfABMRyjYE?authuser=0&hl=pt-BR&rclk=1,scraper_gmaps|escolinhas de natação Caçapava - SP
2aa6c8a0fe645754,GAC - Grupo Aeromodelismo de Caçapava,"· Av. Francisca Sales Damasco, 1021",-23.0883792,-45.702288,,,,"5,0",1,Clube,,https://www.google.com/maps/place/GAC+-+Grupo+Aeromodelismo+de+Ca%C3%A7apava/data=!4m7!3m6!1s0x94cc51005c45b043:0x585fc396023b1f19!8m2!3d-23.0883792!4d-45.702288!16s%2Fg%2F11w3ztddrk!19sChIJQ7BFXABRzJQRGR87ApbDX1g?authuser=0&hl=pt-BR&rclk=1,scraper_gmaps|associações esportivas Caçapava - SP
58ebd2f2e0d88b2b,Grêmio Recreativo Nestlé de Caçapava,,-23.1082332,-45.7210129,,,,"4,4",839,Clube,,https://www.google.com/maps/place/Gr%C3%AAmio+Recreativo+Nestl%C3%A9+de+Ca%C3%A7apava/data=!4m7!3m6!1s0x94cc5184b642ba2f:0xcd41f3c07afdba50!8m2!3d-23.1082332!4d-45.7210129!16s%2Fg%2F1tdnm740!19sChIJL7pCtoRRzJQRULr9esDzQc0?authuser=0&hl=pt-BR&rclk=1,scraper_gmaps|associações esportivas Caçapava - SP
ec7e7ecf48e1f706,Lindolpho Machado Prof,,-23.097108,-45.702686,,,,,,Escola de ensino fundamental,,https://www.google.com/maps/place/Lindolpho+Machado+Prof/data=!4m7!3m6!1s0x94cc516e4e0cf351:0x24ed7bf10cbbaa21!8m2!3d-23.097108!4d-45.702686!16s%2Fg%2F1tdm4vkz!19sChIJUfMMTm5RzJQRIaq7DPF77SQ?authuser=0&hl=pt-BR&rclk=1,scraper_gmaps|escolas municipais Caçapava - SP
a34fc0fea4b4696f,Mafersa Fitness Center,"· Av. Ver. Altomir Spinelli, 1-181",-23.0991991,-45.696229,,,,"4,8",70,Academia,,https://www.google.com/maps/place/Mafersa+Fitness+Center/data=!4m7!3m6!1s0x94cc5167975e3ec3:0xd374245460113a38!8m2!3d-23.0991991!4d-45.696229!16s%2Fg%2F11cjk4tg0t!19sChIJwz5el2dRzJQRODoRYFQkdNM?authuser=0&hl=pt-BR&rclk=1,scraper_gmaps|associações esportivas Caçapava - SP
60007aad3a445060,Marcia Aparecida Faria Profa Creche Mun,,-23.114944,-45.648934,,,,,,Escola pública,,https://www.google.com/maps/place/Marcia+Aparecida+Faria+Profa+Creche+Mun/data=!4m7!3m6!1s0x94cc544506d07ecd:0x7e7450f03d9edb0d!8m2!3d-23.114944!4d-45.648934!16s%2Fg%2F1tfm7s32!19sChIJzX7QBkVUzJQRDduePfBQdH4?authuser=0&hl=pt-BR&rclk=1,scraper_gmaps|escolas municipais Caçapava - SP
ed8f3828913727a5,Nagila Luz,,-23.106609,-45.7002676,,,,"5,0",3,Clube de futebol americano,,https://www.google.com/maps/place/Nagila+Luz/data=!4m7!3m6!1s0x94cc5173af563283:0x91963e46d1f10fc5!8m2!3d-23.106609!4d-45.7002676!16s%2Fg%2F11y71mpc68!19sChIJgzJWr3NRzJQRxQ_x0UY-lpE?authuser=0&hl=pt-BR&rclk=1,scraper_gmaps|associações esportivas Caçapava - SP
4a10f90cc4b4bb92,Nanni Jiu Jitsu,,-23.1000662,-45.7021446,,,,"5,0",80,Escola de lutas,,https://www.google.com/maps/place/Nanni+Jiu+Jitsu/data=!4m7!3m6!1s0x94cc51220471e561:0x240d96f80698a21!8m2!3d-23.1000662!4d-45.7021446!16s%2Fg%2F11h3kzt638!19sChIJYeVxBCJRzJQRIYppgG_ZQAI?authuser=0&hl=pt-BR&rclk=1,scraper_gmaps|escolinhas de natação Caçapava - SP
f65739a9f00a1ca7,Nova cacapava,"· Av. Honório Ferreira Pedrosa, 775",-23.1055609,-45.6820827,,,,"4,8",13,Complexo de condomínio,,https://www.google.com/maps/place/Nova+cacapava/data=!4m7!3m6!1s0x94cc535894f9a4a7:0x158677f47406770a!8m2!3d-23.1055609!4d-45.6820827!16s%2Fg%2F11shm591j1!19sChIJp6T5lFhTzJQRCncGdPR3hhU?authuser=0&hl=pt-BR&rclk=1,scraper_gmaps|condomínios residenciais Caçapava - SP
7a703ba89630d4c1,Rafisk Boxe | Personal Fight,,-23.1009786,-45.6973237,,,,"5,0",8,Academia de boxe,,https://www.google.com/maps/place/Rafisk+Boxe+%7C+Personal+Fight/data=!4m7!3m6!1s0xad2131ed1c574201:0x9d1165dcb4de8edf!8m2!3d-23.1009786!4d-45.6973237!16s%2Fg%2F11vzdjxxqp!19sChIJAUJXHO0xIa0R347etNxlEZ0?authuser=0&hl=pt-BR&rclk=1,scraper_gmaps|associações esportivas Caçapava - SP
e9413d902d16dcc5,Recanto do rei,,-23.1415855,-45.7145857,,,,"4,6",5,Clube,,https://www.google.com/maps/place/Recanto+do+rei/data=!4m7!3m6!1s0x94cc53000256cc61:0xdc83be9fb1b5e84b!8m2!3d-23.1415855!4d-45.7145857!16s%2Fg%2F11x32_6t4v!19sChIJYcxWAgBTzJQRS-i1sZ--g9w?authuser=0&hl=pt-BR&rclk=1,scraper_gmaps|associações esportivas Caçapava - SP
430497cfa215132f,Reserva do Vale - Condominio Residencial Reserva do Vale ( Alta Vista),,-23.1017516,-45.6761846,,,,"4,7",154,Comunidade privada,,https://www.google.com/maps/place/Reserva+do+Vale+-+Condominio+Residencial+Reserva+do+Vale+%28+Alta+Vista%29/data=!4m7!3m6!1s0x94cc552d32e1459b:0xab19e43585349ff6!8m2!3d-23.1017516!4d-45.6761846!16s%2Fg%2F11gjj38pny!19sChIJm0XhMi1VzJQR9p80hTXkGas?authuser=0&hl=pt-BR&rclk=1,scraper_gmaps|condomínios residenciais Caçapava - SP
1435656d61668293,Residencial Amarilis,,-23.1035314,-45.7136871,,,,"4,7",23,Complexo de condomínio,,https://www.google.com/maps/place/Residencial+Amarilis/data=!4m7!3m6!1s0x94cc5177f83978db:0xebbfe7ff3e405566!8m2!3d-23.1035314!4d-45.7136871!16s%2Fg%2F11c1v1dj5l!19sChIJ23g5-HdRzJQRZlVAPv_nv-s?authuser=0&hl=pt-BR&rclk=1,scraper_gmaps|condomínios residenciais Caçapava - SP
219ef61e3b13dcee,Residencial Amor,,-23.1231208,-45.6985497,,,,"4,6",87,Complexo habitacional,,https://www.google.com/maps/place/Residencial+Amor/data=!4m7!3m6!1s0x94cc53c13a6c184d:0xfa59af7ed9b5d10c!8m2!3d-23.1231208!4d-45.6985497!16s%2Fg%2F11gfnds5r8!19sChIJTRhsOsFTzJQRDNG12X6vWfo?authuser=0&hl=pt-BR&rclk=1,scraper_gmaps|condomínios residenciais Caçapava - SP
cfbd405fdee11b40,Residencial Cores da India,,-23.1062501,-45.7200687,,,,"4,5",200,Complexo de condomínio,,https://www.google.com/maps/place/Residencial+Cores+da+India/data=!4m7!3m6!1s0x94cc5184cee7adef:0xf8dc2da6aee5a2e4!8m2!3d-23.1062501!4d-45.7200687!16s%2Fg%2F11c20627yx!19sChIJ763nzoRRzJQR5KLlrqYt3Pg?authuser=0&hl=pt-BR&rclk=1,scraper_gmaps|condomínios residenciais Caçapava - SP
a0e322a19f6ede50,residencial esperança,,-23.1269459,-45.718555,,,,"4,4",38,Complexo de condomínio,,https://www.google.com/maps/place/residencial+esperan%C3%A7a/data=!4m7!3m6!1s0x94cc52341079699d:0xe984c900583be63a!8m2!3d-23.1269459!4d-45.718555!16s%2Fg%2F11b77mwf64!19sChIJnWl5EDRSzJQROuY7WADJhOk?authuser=0&hl=pt-BR&rclk=1,scraper_gmaps|condomínios residenciais Caçapava - SP
b649f5238c7407f2,Residencial Malibu,"Rod. João Amaral Gurgel, 2351 - Residencial Colinas, Caçapava - SP, 12285-020, Brasil",-23.1317467,-45.7148235,,Mostrar horário de funcionamento da semana,,"4,7",47,Complexo residencial,Aberto 24 horas,https://www.google.com/maps/place/Residencial+Malibu/data=!4m7!3m6!1s0x94cc523418fb39b1:0x5477f5e686383970!8m2!3d-23.1317467!4d-45.7148235!16s%2Fg%2F11c544fyfh!19sChIJsTn7GDRSzJQRcDk4hub1d1Q?authuser=0&hl=pt-BR&rclk=1,scraper_gmaps|condomínios residenciais Caçapava - SP
e0aafdcfc06a1856,Residencial Portal das Acácias,"R. Flávio Goulart, 395, Caçapava - SP, Brasil",-23.1491748,-45.7372259,,Mostrar horário de funcionamento da semana,,"4,8",48,Complexo de condomínio,Aberto 24 horas,https://www.google.com/maps/place/Residencial+Portal+das+Ac%C3%A1cias/data=!4m7!3m6!1s0x94cc53fa165548d5:0x61599c57b953c234!8m2!3d-23.1491748!4d-45.7372259!16s%2Fg%2F11pc6mffrj!19sChIJ1UhVFvpTzJQRNMJTuVecWWE?authuser=0&hl=pt-BR&rclk=1,scraper_gmaps|condomínios residenciais Caçapava - SP
0015add97389d891,Residencial Santa Clara,"Av. Mal. Castelo Branco, 201 - Centro, Caçapava - SP, 12286-580, Brasil",-23.1003052,-45.7110305,+55 12 3655-2796,,,"4,5",45,Complexo de condomínio,,https://www.google.com/maps/place/Residencial+Santa+Clara/data=!4m7!3m6!1s0x94cc5176fcb28183:0xf722134e5c0eb64a!8m2!3d-23.1003052!4d-45.7110305!16s%2Fg%2F11bxb1g70f!19sChIJg4Gy_HZRzJQRSrYOXE4TIvc?authuser=0&hl=pt-BR&rclk=1,scraper_gmaps|condomínios residenciais Caçapava - SP
85000f71a78135e7,RESIDENCIAL SANTA HELENA,"Rod. João Amaral Gurgel, KM 2,5 - Sapé 1, Caçapava - SP, Brasil",-23.1357135,-45.7197835,,Mostrar horário de funcionamento da semana,,"4,6",46,Complexo de condomínio,Aberto 24 horas,https://www.google.com/maps/place/RESIDENCIAL+SANTA+HELENA/data=!4m7!3m6!1s0x94cc535de0697ccd:0x1bbbb98015dc0310!8m2!3d-23.1357135!4d-45.7197835!16s%2Fg%2F11p0y1b877!19sChIJzXxp4F1TzJQREAPcFYC5uxs?authuser=0&hl=pt-BR&rclk=1,scraper_gmaps|condomínios residenciais Caçapava - SP
16dd95745bb77987,RESIDENCIAL SANTA MONICA,"Rod. João Amaral Gurgel, 2351 - Residencial Santa Monica, Caçapava - SP, 12285-020, Brasil",-23.1325718,-45.7176681,+55 12 97405-2478,Mostrar horário de funcionamento da semana,veceurbanismo.com.br,"4,6",46,Complexo de condomínio,Aberto · Fecha 17:30,https://www.google.com/maps/place/RESIDENCIAL+SANTA+MONICA/data=!4m7!3m6!1s0x94cc524a07e98dc5:0x442ca2e67bebf520!8m2!3d-23.1325718!4d-45.7176681!16s%2Fg%2F11b8_6jmkk!19sChIJxY3pB0pSzJQRIPXre-aiLEQ?authuser=0&hl=pt-BR&rclk=1,scraper_gmaps|condomínios residenciais Caçapava - SP
a6824912c65bafa2,Residencial Sollare,,-23.1371514,-45.7249098,,,,"4,6",13,Complexo de condomínio,,https://www.google.com/maps/place/Residencial+Sollare/data=!4m7!3m6!1s0x94cc534c39e6d47d:0x5b785693eed2de00!8m2!3d-23.1371514!4d-45.7249098!16s%2Fg%2F11r084h9t7!19sChIJfdTmOUxTzJQRAN7S7pNWeFs?authuser=0&hl=pt-BR&rclk=1,scraper_gmaps|condomínios residenciais Caçapava - SP
54cbccb0f6a60fdd,Residencial Villa Lobos,,-23.1267499,-45.7572976,,,,"4,7",49,Complexo de condomínio,,https://www.google.com/maps/place/Residencial+Villa+Lobos/data=!4m7!3m6!1s0x94cc4f8063301dd9:0xb78645f998080158!8m2!3d-23.1267499!4d-45.7572976!16s%2Fg%2F11f67_3n2l!19sChIJ2R0wY4BPzJQRWAEImPlFhrc?authuser=0&hl=pt-BR&rclk=1,scraper_gmaps|condomínios residenciais Caçapava - SP
17750b31803761ad,Sociedade Deportivo Vila André,"· R. Fernando Navajas, 118",-23.0865506,-45.7090065,,,,"3,5",6,Jardim,,https://www.google.com/maps/place/Sociedade+Deportivo+Vila+Andr%C3%A9/data=!4m7!3m6!1s0x94cc510ec83613c7:0xb85f34e830026c5e!8m2!3d-23.0865506!4d-45.7090065!16s%2Fg%2F11g0h020vj!19sChIJxxM2yA5RzJQRXmwCMOg0X7g?authuser=0&hl=pt-BR&rclk=1,scraper_gmaps|associações esportivas Caçapava - SP
6d5481eaeee95c08,Spazio Righi Condomínio Club,,-23.1107749,-45.7276179,,,,"4,2",103,Complexo de condomínio,,https://www.google.com/maps/place/Spazio+Righi+Condom%C3%ADnio+Club/data=!4m7!3m6!1s0x94cc518e9c5077bf:0xe52be56c181a4f63!8m2!3d-23.1107749!4d-45.7276179!16s%2Fg%2F1ptygxdwr!19sChIJv3dQnI5RzJQRY08aGGzlK-U?authuser=0&hl=pt-BR&rclk=1,scraper_gmaps|condomínios residenciais Caçapava - SP
92a8e4b18d4c1036,Terras de Santa Mariana,,-23.1101303,-45.6628608,,,,"4,5",78,Complexo de condomínio,,https://www.google.com/maps/place/Terras+de+Santa+Mariana/data=!4m7!3m6!1s0x94cc5415f119b965:0x7ff259ff2d1dd3a7!8m2!3d-23.1101303!4d-45.6628608!16s%2Fg%2F1q5gsjdjc!19sChIJZbkZ8RVUzJQRp9MdLf9Z8n8?authuser=0&hl=pt-BR&rclk=1,scraper_gmaps|condomínios residenciais Caçapava - SP
6fb03916cf5150e8,Trainer Academia,,-23.097576,-45.7059933,,,,"4,7",161,Programa de condicionamento físico,,https://www.google.com/maps/place/Trainer+Academia/data=!4m7!3m6!1s0x94cc517427093539:0x714ddfbc68cd28b1!8m2!3d-23.097576!4d-45.7059933!16s%2Fg%2F1tmkm2hx!19sChIJOTUJJ3RRzJQRsSjNaLzfTXE?authuser=0&hl=pt-BR&rclk=1,scraper_gmaps|escolinhas de natação Caçapava - SP
