place_id,nome,endereco,latitude,longitude,telefone,horario,website,avaliacao,total_reviews,categoria,status_negocio,google_maps_url,fonte
9e110118ce5fd6e3,Associação Atlética Caçapavense,· Av. da Integração,-23.111301,-45.7006335,,,,"4,0",314,Associação / organização,,https://www.google.com/maps/place/Associa%C3%A7%C3%A3o+Atl%C3%A9tica+Ca%C3%A7apavense/data=!4m7!3m6!1s0x94cc53d93a44a1ef:0x978006c9bf898755!8m2!3d-23.111301!4d-45.7006335!16s%2Fg%2F11b7hpz4nq!19sChIJ76FEOtlTzJQRVYeJv8kGgJc?authuser=0&hl=pt-BR&rclk=1,scraper_gmaps|associações esportivas Caçapava - SP
55d4fe8861175846,Clube ADC Mafersa,"· Av. Ver. Altomir Spinelli, 111",-23.0990652,-45.6949757,,,,"4,5",479,Club,,https://www.google.com/maps/place/Clube+ADC+Mafersa/data=!4m7!3m6!1s0x94cc517a8942e629:0xfabe090132f86713!8m2!3d-23.0990652!4d-45.6949757!16s%2Fg%2F1tcvk6jt!19sChIJKeZCiXpRzJQRE2f4MgEJvvo?authuser=0&hl=pt-BR&rclk=1,scraper_gmaps|associações esportivas Caçapava - SP
bc0b196963eca6c4,Clube Esportivo Caçapava,,-23.1410165,-45.7206859,,,,"4,7",3,Clube de futebol,,https://www.google.com/maps/place/Clube+Esportivo+Ca%C3%A7apava/data=!4m7!3m6!1s0x94cc524ef09acc8b:0xeef971bb05066577!8m2!3d-23.1410165!4d-45.7206859!16s%2Fg%2F11fx8qmyxv!19sChIJi8ya8E5SzJQRd2UGBbtx-e4?authuser=0&hl=pt-BR&rclk=1,scraper_gmaps|associações esportivas Caçapava - SP
c325f6bb975c2a09,ASPMC / Associação Dos Servidores Publicos De Caçapava / Clube De Campo,,-23.0628038,-45.7321495,,,,"4,3",48,Clube de campo,,https://www.google.com/maps/place/ASPMC+%2F+Associa%C3%A7%C3%A3o+Dos+Servidores+Publicos+De+Ca%C3%A7apava+%2F+Clube+De+Campo/data=!4m7!3m6!1s0x94cc506aa0fb4ccb:0xf889fecf4aefada9!8m2!3d-23.0628038!4d-45.7321495!16s%2Fg%2F11bwh8pdwd!19sChIJy0z7oGpQzJQRqa3vSs_-ifg?authuser=0&hl=pt-BR&rclk=1,scraper_gmaps|associações esportivas Caçapava - SP
a11b8db86cbb2904,Arena Sports - Caçapava,"· Av. Cel. Manoel Inocêncio, 746",-23.1061028,-45.7042387,,,,"4,5",193,Sala de fitness,,https://www.google.com/maps/place/Arena+Sports+-+Ca%C3%A7apava/data=!4m7!3m6!1s0x94cc53072334dafb:0xac5c165f9e8cb7c4!8m2!3d-23.1061028!4d-45.7042387!16s%2Fg%2F11mw7lvjgw!19sChIJ-9o0IwdTzJQRxLeMnl8WXKw?authuser=0&hl=pt-BR&rclk=1,scraper_gmaps|associações esportivas Caçapava - SP
58ebd2f2e0d88b2b,Grêmio Recreativo Nestlé de Caçapava,,-23.1082332,-45.7210129,,,,"4,4",839,Clube,,https://www.google.com/maps/place/Gr%C3%AAmio+Recreativo+Nestl%C3%A9+de+Ca%C3%A7apava/data=!4m7!3m6!1s0x94cc5184b642ba2f:0xcd41f3c07afdba50!8m2!3d-23.1082332!4d-45.7210129!16s%2Fg%2F1tdnm740!19sChIJL7pCtoRRzJQRULr9esDzQc0?authuser=0&hl=pt-BR&rclk=1,scraper_gmaps|associações esportivas Caçapava - SP
42084d63f201782c,Clube Recreativo Jequitibá,,-23.1037552,-45.6962144,,,,"4,6",1579,Clube de campo,,https://www.google.com/maps/place/Clube+Recreativo+Jequitib%C3%A1/data=!4m7!3m6!1s0x94cc515e272e8a33:0x20adba5166b01b4a!8m2!3d-23.1037552!4d-45.6962144!16s%2Fg%2F1v76_sjt!19sChIJM4ouJ15RzJQRShuwZlG6rSA?authuser=0&hl=pt-BR&rclk=1,scraper_gmaps|associações esportivas Caçapava - SP
34f20d60638f36ca,Campo Airsoft ZONA DA MATA,"· Av. Mal. Castelo Branco, 3952",-23.1150593,-45.7346979,,,,"4,8",4,Clube esportivo,,https://www.google.com/maps/place/Campo+Airsoft+ZONA+DA+MATA/data=!4m7!3m6!1s0x94cc510056da6d9d:0x9dd76ba477a04618!8m2!3d-23.1150593!4d-45.7346979!16s%2Fg%2F11zkskwk4l!19sChIJnW3aVgBRzJQRGEagd6Rr150?authuser=0&hl=pt-BR&rclk=1,scraper_gmaps|associações esportivas Caçapava - SP
015abd21f735ddfd,ACE Caçapava,"· Rua Major Benjamim Raymundo da Silva, 30",-23.1067741,-45.706847,,,,"4,8",73,Associação / organização,,https://www.google.com/maps/place/ACE+Ca%C3%A7apava/data=!4m7!3m6!1s0x94cc517c8c68763b:0x51f203baf86681e9!8m2!3d-23.1067741!4d-45.706847!16s%2Fg%2F1tp30h7q!19sChIJO3ZojHxRzJQR6YFm-LoD8lE?authuser=0&hl=pt-BR&rclk=1,scraper_gmaps|associações esportivas Caçapava - SP
17750b31803761ad,Sociedade Deportivo Vila André,"· R. Fernando Navajas, 118",-23.0865506,-45.7090065,,,,"3,5",6,Jardim,,https://www.google.com/maps/place/Sociedade+Deportivo+Vila+Andr%C3%A9/data=!4m7!3m6!1s0x94cc510ec83613c7:0xb85f34e830026c5e!8m2!3d-23.0865506!4d-45.7090065!16s%2Fg%2F11g0h020vj!19sChIJxxM2yA5RzJQRXmwCMOg0X7g?authuser=0&hl=pt-BR&rclk=1,scraper_gmaps|associações esportivas Caçapava - SP
2aa6c8a0fe645754,GAC - Grupo Aeromodelismo de Caçapava,"· Av. Francisca Sales Damasco, 1021",-23.0883792,-45.702288,,,,"5,0",1,Clube,,https://www.google.com/maps/place/GAC+-+Grupo+Aeromodelismo+de+Ca%C3%A7apava/data=!4m7!3m6!1s0x94cc51005c45b043:0x585fc396023b1f19!8m2!3d-23.0883792!4d-45.702288!16s%2Fg%2F11w3ztddrk!19sChIJQ7BFXABRzJQRGR87ApbDX1g?authuser=0&hl=pt-BR&rclk=1,scraper_gmaps|associações esportivas Caçapava - SP
e9413d902d16dcc5,Recanto do rei,,-23.1415855,-45.7145857,,,,"4,6",5,Clube,,https://www.google.com/maps/place/Recanto+do+rei/data=!4m7!3m6!1s0x94cc53000256cc61:0xdc83be9fb1b5e84b!8m2!3d-23.1415855!4d-45.7145857!16s%2Fg%2F11x32_6t4v!19sChIJYcxWAgBTzJQRS-i1sZ--g9w?authuser=0&hl=pt-BR&rclk=1,scraper_gmaps|associações esportivas Caçapava - SP
fe1c41921d8b629c,Ace Team Voleibol,"· Av. Francisca Sales Damasco, 812",-23.0910514,-45.7028005,,,,"5,0",1,Academia,,https://www.google.com/maps/place/Ace+Team+Voleibol/data=!4m7!3m6!1s0x94cc5100017200f3:0xff94f5525b9afd08!8m2!3d-23.0910514!4d-45.7028005!16s%2Fg%2F11w9k_1p8j!19sChIJ8wByAQBRzJQRCP2aW1L1lP8?authuser=0&hl=pt-BR&rclk=1,scraper_gmaps|associações esportivas Caçapava - SP
a27671703a451bfd,Associação Beneficente Soldados De Cristo,,-23.0792295,-45.7190938,,,,"4,8",24,,,https://www.google.com/maps/place/Associa%C3%A7%C3%A3o+Beneficente+Soldados+De+Cristo/data=!4m7!3m6!1s0x94cc5124afa937c5:0xf86808daeebf9470!8m2!3d-23.0792295!4d-45.7190938!16s%2Fg%2F11f86qnv9f!19sChIJxTepryRRzJQRcJS_7toIaPg?authuser=0&hl=pt-BR&rclk=1,scraper_gmaps|associações esportivas Caçapava - SP
ed8f3828913727a5,Nagila Luz,,-23.106609,-45.7002676,,,,"5,0",3,Clube de futebol americano,,https://www.google.com/maps/place/Nagila+Luz/data=!4m7!3m6!1s0x94cc5173af563283:0x91963e46d1f10fc5!8m2!3d-23.106609!4d-45.7002676!16s%2Fg%2F11y71mpc68!19sChIJgzJWr3NRzJQRxQ_x0UY-lpE?authuser=0&hl=pt-BR&rclk=1,scraper_gmaps|associações esportivas Caçapava - SP
1c3b5546f2bf1614,Academia Bio Sports,,-23.1067492,-45.6998684,,,,"4,7",199,Academia,,https://www.google.com/maps/place/Academia+Bio+Sports/data=!4m7!3m6!1s0x94cc5165caab05a5:0xbc7d39a5641cb937!8m2!3d-23.1067492!4d-45.6998684!16s%2Fg%2F11b6zv_scx!19sChIJpQWrymVRzJQRN7kcZKU5fbw?authuser=0&hl=pt-BR&rclk=1,scraper_gmaps|associações esportivas Caçapava - SP
7a703ba89630d4c1,Rafisk Boxe | Personal Fight,,-23.1009786,-45.6973237,,,,"5,0",8,Academia de boxe,,https://www.google.com/maps/place/Rafisk+Boxe+%7C+Personal+Fight/data=!4m7!3m6!1s0xad2131ed1c574201:0x9d1165dcb4de8edf!8m2!3d-23.1009786!4d-45.6973237!16s%2Fg%2F11vzdjxxqp!19sChIJAUJXHO0xIa0R347etNxlEZ0?authuser=0&hl=pt-BR&rclk=1,scraper_gmaps|associações esportivas Caçapava - SP
dfd66c4eab19b6c3,CF01 CPV,,-23.1065039,-45.7046455,,,,"5,0",144,Sala de fitness,,https://www.google.com/maps/place/CF01+CPV/data=!4m7!3m6!1s0x94cc514429af7ef9:0xb668c6f3993b4f7f!8m2!3d-23.1065039!4d-45.7046455!16s%2Fg%2F11sx40jz9n!19sChIJ-X6vKURRzJQRf087mfPGaLY?authuser=0&hl=pt-BR&rclk=1,scraper_gmaps|associações esportivas Caçapava - SP
a34fc0fea4b4696f,Mafersa Fitness Center,"· Av. Ver. Altomir Spinelli, 1-181",-23.0991991,-45.696229,,,,"4,8",70,Academia,,https://www.google.com/maps/place/Mafersa+Fitness+Center/data=!4m7!3m6!1s0x94cc5167975e3ec3:0xd374245460113a38!8m2!3d-23.0991991!4d-45.696229!16s%2Fg%2F11cjk4tg0t!19sChIJwz5el2dRzJQRODoRYFQkdNM?authuser=0&hl=pt-BR&rclk=1,scraper_gmaps|associações esportivas Caçapava - SP
bfbe4c5e0a9256f8,Azzurro Fitness - Caçapava,"· Av. Cel. Manoel Inocêncio, 705",-23.1056679,-45.7039969,,,,"4,3",140,Academia,,https://www.google.com/maps/place/Azzurro+Fitness+-+Ca%C3%A7apava/data=!4m7!3m6!1s0x94cc51d2665cbb43:0xc15088e7b75dca59!8m2!3d-23.1056679!4d-45.7039969!16s%2Fg%2F11s4vxxsw6!19sChIJQ7tcZtJRzJQRWcpdt-eIUME?authuser=0&hl=pt-BR&rclk=1,scraper_gmaps|associações esportivas Caçapava - SP
